{"cameraMode":{"drawMode":0,"name":"Shaded","section":"Shading Mode"},"sceneLighting":true,"audioPlay":false,"sceneViewState":{"m_AlwaysRefresh":true,"showFog":true,"showSkybox":true,"showFlares":true,"showImageEffects":true,"showParticleSystems":true,"showVisualEffectGraphs":true,"m_FxEnabled":true},"in2DMode":false,"pivot":{"x":-0.18350732326507569,"y":-8.203874588012696,"z":-7.660453796386719},"rotation":{"x":0.009361018426716328,"y":0.9276329278945923,"z":-0.37214216589927676,"w":0.022879449650645257},"size":7.674516677856445,"orthographic":false}